filename,gender
sample-069205.npy,female
sample-080873.npy,female
sample-105595.npy,female
sample-063470.npy,female
sample-008158.npy,female
sample-090978.npy,female
sample-099485.npy,female
sample-004241.npy,female
sample-072559.npy,female
sample-118833.npy,female
sample-120779.npy,male
sample-030119.npy,male
sample-029956.npy,male
sample-031013.npy,male
sample-134925.npy,male
sample-066360.npy,male
sample-047055.npy,male
sample-022864.npy,male
sample-012026.npy,male
sample-013841.npy,male
